{"etaParabolaMinusErr": 0.051914392731860354, "etaParabolaMinus": 0.3158055493592851, "ptOffset": 1.3891997434697259, "normErr": 0.00130589062874678, "etaParabolaBaseErr": 0.0035453013397845562, "ptFallingErr": 0.7282536899280434, "etaParabolaBase": 0.6620523162531535, "etaParabolaPlus": 0.28427428148728034, "ptFalling": 4.6373105783717445, "etaParabolaPlusErr": 0.0501327792597496, "norm": 1.219732420687934, "ptOffsetErr": 0.017116112605438105}