{"etaParabolaMinusErr": 0.05179659166734851, "etaParabolaMinus": 0.40269135847116694, "ptOffset": 1.5283630909346597, "normErr": 0.0015353410011974564, "etaParabolaBaseErr": 0.0031043238421942843, "ptFallingErr": 0.7830428539193077, "etaParabolaBase": 0.5979269413334578, "etaParabolaPlus": 0.46712580386946867, "ptFalling": 4.854041348464511, "etaParabolaPlusErr": 0.05046457978796312, "norm": 1.2793241808655582, "ptOffsetErr": 0.01836758384950543}