{"etaParabolaMinusErr": 0.03290999807000927, "etaParabolaMinus": 0.24214449407488098, "ptOffset": 1.4640274712901622, "normErr": 0.0011603183259995796, "etaParabolaBaseErr": 0.002368301587441665, "ptFallingErr": 0.516805850900165, "etaParabolaBase": 0.6439694895949923, "etaParabolaPlus": 0.17158516551573244, "ptFalling": 3.27385880428116, "etaParabolaPlusErr": 0.031376743452574685, "norm": 1.2400301484659046, "ptOffsetErr": 0.012163913633881807}